CustomerID,StockCode,Description,Quantity,UnitPrice,Country
1008,watch-2,Smart Watch Vital Plus,3,89.64,United Kingdom
1042,shoe-3,Boot With Suede Detail,4,46.84,United Kingdom
1039,jacket-1,Mens Winter Leathers Jacket,2,34.59,United Kingdom
1042,jacket-4,Mens Winter Leathers Jacket,3,130.3,United Kingdom
1016,perfume,Titan 100 Ml Womens Perfume,2,53.81,United Kingdom
1024,perfume,Titan 100 Ml Womens Perfume,2,53.81,United Kingdom
1037,clothes-2,Girls Pink Embro Design Top,1,45.83,United Kingdom
1001,clothes-2,Girls Pink Embro Design Top,1,45.83,United Kingdom
1020,shampoo,Shampoo Conditioner Packs,5,125.06,United Kingdom
1017,party-wear-1,Womens Party Wear Shoes,5,86.02,United Kingdom
1040,shampoo,Shampoo Conditioner Packs,3,125.06,United Kingdom
1012,sports-4,Sports Claw Womens Shoes,4,107.21,United Kingdom
1008,shoe-2_1,Casual Mens Brown Shoes,4,93.35,United Kingdom
1034,shirt-2,Pure Garment Dyed Cotton Shirt,2,55.04,United Kingdom
1014,watch-3,Pocket Watch Leather Pouch,3,67.6,United Kingdom
1019,belt,Mens Leather Belt,3,149.61,United Kingdom
1044,clothes-3,Black Floral Wrap Midi Skirt,2,30.79,United Kingdom
1037,4,Woolen Hat For Men,4,82.44,United Kingdom
1047,shoe-5,Boot With Suede Detail,1,30.29,United Kingdom
1020,shorts-2,Better Basics French Terry Sweatshorts,5,67.16,United Kingdom
1004,shampoo,Shampoo Conditioner Packs,4,125.06,United Kingdom
1020,shoe-4,Boot With Suede Detail,5,62.0,United Kingdom
1048,jacket-2,Mens Winter Leathers Jacket,3,21.88,United Kingdom
1022,sports-4,Sports Claw Womens Shoes,1,107.21,United Kingdom
1030,watch-2,Smart Watch Vital Plus,1,89.64,United Kingdom
1001,shirt-1,Pure Garment Dyed Cotton Shirt,1,30.01,United Kingdom
1014,watch-2,Smart Watch Vital Plus,1,89.64,United Kingdom
1009,watch-4,Pocket Watch Leather Pouch,1,91.57,United Kingdom
1030,watch-4,Pocket Watch Leather Pouch,3,91.57,United Kingdom
1028,shoe-1_1,Mens Leather Formal Wear Shoes,3,124.31,United Kingdom
1013,sports-3,Sports Claw Womens Shoes,1,133.24,United Kingdom
1009,2,Mens Hoodies T-Shirt,3,23.04,United Kingdom
1046,watch-4,Pocket Watch Leather Pouch,5,91.57,United Kingdom
1034,clothes-1,Relaxed Short Sleeve T-Shirt,3,104.2,United Kingdom
1030,jewellery-3,Silver Deer Heart Necklace,4,110.6,United Kingdom
1022,shoe-4,Boot With Suede Detail,2,62.0,United Kingdom
1006,3,Girls T-Shirt,1,46.73,United Kingdom
1007,clothes-1,Relaxed Short Sleeve T-Shirt,3,104.2,United Kingdom
1024,sports-3,Sports Claw Womens Shoes,2,133.24,United Kingdom
1042,shampoo,Shampoo Conditioner Packs,3,125.06,United Kingdom
1011,1,Baby Fabric Shoes,2,70.32,United Kingdom
1035,sports-4,Sports Claw Womens Shoes,5,107.21,United Kingdom
1036,watch-2,Smart Watch Vital Plus,3,89.64,United Kingdom
1009,1,Baby Fabric Shoes,4,70.32,United Kingdom
1032,clothes-3,Black Floral Wrap Midi Skirt,3,30.79,United Kingdom
1018,jewellery-1,Rose Gold Peacock Earrings,5,95.67,United Kingdom
1026,shirt-1,Pure Garment Dyed Cotton Shirt,3,30.01,United Kingdom
1013,shoe-5,Boot With Suede Detail,1,30.29,United Kingdom
1021,watch-1,Smart Watch Vital Plus,4,146.89,United Kingdom
1044,sports-4,Sports Claw Womens Shoes,1,107.21,United Kingdom
1001,sports-2,Trekking & Running Shoes - Black,2,86.0,United Kingdom
1032,shoe-2,Casual Mens Brown Shoes,3,100.46,United Kingdom
1006,jacket-2,Mens Winter Leathers Jacket,1,21.88,United Kingdom
1000,shoe-4,Boot With Suede Detail,1,62.0,United Kingdom
1010,shoe-3,Boot With Suede Detail,3,46.84,United Kingdom
1022,clothes-3,Black Floral Wrap Midi Skirt,2,30.79,United Kingdom
1024,watch-3,Pocket Watch Leather Pouch,5,67.6,United Kingdom
1024,jacket-3,Mens Winter Leathers Jacket,3,46.26,United Kingdom
1011,sports-6,Air Trekking Shoes - White,1,122.6,United Kingdom
1007,3,Girls T-Shirt,3,46.73,United Kingdom
1030,shoe-2_1,Casual Mens Brown Shoes,4,93.35,United Kingdom
1015,watch-1,Smart Watch Vital Plus,2,146.89,United Kingdom
1001,shoe-3,Boot With Suede Detail,4,46.84,United Kingdom
1022,shoe-1_1,Mens Leather Formal Wear Shoes,2,124.31,United Kingdom
1017,jacket-1,Mens Winter Leathers Jacket,3,34.59,United Kingdom
1015,party-wear-2,Womens Party Wear Shoes,1,41.74,United Kingdom
1049,1,Baby Fabric Shoes,2,70.32,United Kingdom
1047,3,Girls T-Shirt,1,46.73,United Kingdom
1011,shoe-1_1,Mens Leather Formal Wear Shoes,2,124.31,United Kingdom
1032,sports-1,Trekking & Running Shoes - Black,2,55.9,United Kingdom
1020,jacket-4,Mens Winter Leathers Jacket,4,130.3,United Kingdom
1043,sports-6,Air Trekking Shoes - White,3,122.6,United Kingdom
1009,1,Baby Fabric Shoes,5,70.32,United Kingdom
1043,sports-2,Trekking & Running Shoes - Black,5,86.0,United Kingdom
1047,shorts-1,Better Basics French Terry Sweatshorts,5,138.98,United Kingdom
1012,shirt-2,Pure Garment Dyed Cotton Shirt,4,55.04,United Kingdom
1001,shoe-3,Boot With Suede Detail,3,46.84,United Kingdom
1021,shoe-1_1,Mens Leather Formal Wear Shoes,2,124.31,United Kingdom
1017,jacket-5,MEN Yarn Fleece Full-Zip Jacket,1,63.72,United Kingdom
1003,shoe-4,Boot With Suede Detail,3,62.0,United Kingdom
1038,jacket-1,Mens Winter Leathers Jacket,2,34.59,United Kingdom
1035,shirt-2,Pure Garment Dyed Cotton Shirt,1,55.04,United Kingdom
1030,jewellery-1,Rose Gold Peacock Earrings,2,95.67,United Kingdom
1029,sports-6,Air Trekking Shoes - White,3,122.6,United Kingdom
1033,sports-3,Sports Claw Womens Shoes,4,133.24,United Kingdom
1004,shorts-1,Better Basics French Terry Sweatshorts,3,138.98,United Kingdom
1011,shoe-1_1,Mens Leather Formal Wear Shoes,5,124.31,United Kingdom
1036,shirt-2,Pure Garment Dyed Cotton Shirt,3,55.04,United Kingdom
1030,party-wear-1,Womens Party Wear Shoes,5,86.02,United Kingdom
1002,1,Baby Fabric Shoes,3,70.32,United Kingdom
1023,watch-2,Smart Watch Vital Plus,3,89.64,United Kingdom
1037,jewellery-2,Platinum Zircon Classic Ring,4,132.13,United Kingdom
1048,sports-4,Sports Claw Womens Shoes,5,107.21,United Kingdom
1008,sports-6,Air Trekking Shoes - White,4,122.6,United Kingdom
1042,perfume,Titan 100 Ml Womens Perfume,4,53.81,United Kingdom
1041,shoe-5,Boot With Suede Detail,1,30.29,United Kingdom
1048,jewellery-3,Silver Deer Heart Necklace,1,110.6,United Kingdom
1009,2,Mens Hoodies T-Shirt,2,23.04,United Kingdom
1021,shampoo,Shampoo Conditioner Packs,1,125.06,United Kingdom
1016,jacket-5,MEN Yarn Fleece Full-Zip Jacket,2,63.72,United Kingdom
1028,1,Baby Fabric Shoes,1,70.32,United Kingdom
1032,jewellery-2,Platinum Zircon Classic Ring,1,132.13,United Kingdom
1001,jewellery-1,Rose Gold Peacock Earrings,1,95.67,United Kingdom
1003,shoe-2_1,Casual Mens Brown Shoes,2,93.35,United Kingdom
1034,4,Woolen Hat For Men,4,82.44,United Kingdom
1000,2,Mens Hoodies T-Shirt,1,23.04,United Kingdom
1010,party-wear-1,Womens Party Wear Shoes,2,86.02,United Kingdom
1039,perfume,Titan 100 Ml Womens Perfume,5,53.81,United Kingdom
1037,shirt-2,Pure Garment Dyed Cotton Shirt,4,55.04,United Kingdom
1017,shoe-1,Mens Leather Formal Wear Shoes,5,51.06,United Kingdom
1038,sports-1,Trekking & Running Shoes - Black,5,55.9,United Kingdom
1000,shoe-1_1,Mens Leather Formal Wear Shoes,1,124.31,United Kingdom
1019,jacket-1,Mens Winter Leathers Jacket,1,34.59,United Kingdom
1011,sports-3,Sports Claw Womens Shoes,5,133.24,United Kingdom
1046,jacket-5,MEN Yarn Fleece Full-Zip Jacket,4,63.72,United Kingdom
1012,jacket-4,Mens Winter Leathers Jacket,4,130.3,United Kingdom
1049,shirt-2,Pure Garment Dyed Cotton Shirt,3,55.04,United Kingdom
1023,sports-4,Sports Claw Womens Shoes,1,107.21,United Kingdom
1019,shoe-2_1,Casual Mens Brown Shoes,2,93.35,United Kingdom
1020,jacket-3,Mens Winter Leathers Jacket,4,46.26,United Kingdom
1031,sports-1,Trekking & Running Shoes - Black,2,55.9,United Kingdom
1008,shampoo,Shampoo Conditioner Packs,3,125.06,United Kingdom
1024,clothes-1,Relaxed Short Sleeve T-Shirt,5,104.2,United Kingdom
1031,shirt-1,Pure Garment Dyed Cotton Shirt,1,30.01,United Kingdom
1021,shoe-1,Mens Leather Formal Wear Shoes,3,51.06,United Kingdom
1005,shoe-3,Boot With Suede Detail,3,46.84,United Kingdom
1024,shorts-1,Better Basics French Terry Sweatshorts,1,138.98,United Kingdom
1016,jewellery-2,Platinum Zircon Classic Ring,4,132.13,United Kingdom
1027,shirt-2,Pure Garment Dyed Cotton Shirt,4,55.04,United Kingdom
1035,jacket-2,Mens Winter Leathers Jacket,1,21.88,United Kingdom
1012,2,Mens Hoodies T-Shirt,5,23.04,United Kingdom
1032,jacket-5,MEN Yarn Fleece Full-Zip Jacket,3,63.72,United Kingdom
1024,watch-2,Smart Watch Vital Plus,3,89.64,United Kingdom
1048,jacket-1,Mens Winter Leathers Jacket,1,34.59,United Kingdom
1049,shirt-2,Pure Garment Dyed Cotton Shirt,1,55.04,United Kingdom
1022,party-wear-1,Womens Party Wear Shoes,5,86.02,United Kingdom
1039,shoe-5,Boot With Suede Detail,5,30.29,United Kingdom
1034,party-wear-1,Womens Party Wear Shoes,1,86.02,United Kingdom
1048,clothes-2,Girls Pink Embro Design Top,2,45.83,United Kingdom
1014,jacket-6,MEN Yarn Fleece Full-Zip Jacket,3,86.64,United Kingdom
1022,watch-1,Smart Watch Vital Plus,1,146.89,United Kingdom
1005,sports-5,Air Trekking Shoes - White,3,63.44,United Kingdom
1021,jacket-1,Mens Winter Leathers Jacket,4,34.59,United Kingdom
1037,2,Mens Hoodies T-Shirt,5,23.04,United Kingdom
1044,shirt-2,Pure Garment Dyed Cotton Shirt,2,55.04,United Kingdom
1016,watch-3,Pocket Watch Leather Pouch,1,67.6,United Kingdom
1019,clothes-4,Pure Garment Dyed Cotton Shirt,2,57.26,United Kingdom
1017,shoe-1_1,Mens Leather Formal Wear Shoes,5,124.31,United Kingdom
1049,watch-1,Smart Watch Vital Plus,4,146.89,United Kingdom
1028,jacket-4,Mens Winter Leathers Jacket,4,130.3,United Kingdom
1030,2,Mens Hoodies T-Shirt,5,23.04,United Kingdom
1025,jewellery-1,Rose Gold Peacock Earrings,5,95.67,United Kingdom
1022,4,Woolen Hat For Men,3,82.44,United Kingdom
1021,jewellery-1,Rose Gold Peacock Earrings,5,95.67,United Kingdom
1032,jacket-6,MEN Yarn Fleece Full-Zip Jacket,3,86.64,United Kingdom
1040,shoe-2_1,Casual Mens Brown Shoes,1,93.35,United Kingdom
1028,shorts-1,Better Basics French Terry Sweatshorts,5,138.98,United Kingdom
1042,watch-2,Smart Watch Vital Plus,5,89.64,United Kingdom
1019,clothes-1,Relaxed Short Sleeve T-Shirt,2,104.2,United Kingdom
1007,shampoo,Shampoo Conditioner Packs,2,125.06,United Kingdom
1016,shoe-5,Boot With Suede Detail,2,30.29,United Kingdom
1036,jewellery-2,Platinum Zircon Classic Ring,5,132.13,United Kingdom
1014,shirt-1,Pure Garment Dyed Cotton Shirt,2,30.01,United Kingdom
1029,watch-4,Pocket Watch Leather Pouch,1,91.57,United Kingdom
1021,3,Girls T-Shirt,3,46.73,United Kingdom
1027,shoe-4,Boot With Suede Detail,1,62.0,United Kingdom
1014,belt,Mens Leather Belt,1,149.61,United Kingdom
1027,watch-4,Pocket Watch Leather Pouch,3,91.57,United Kingdom
1041,shoe-1_1,Mens Leather Formal Wear Shoes,1,124.31,United Kingdom
1000,1,Baby Fabric Shoes,2,70.32,United Kingdom
1031,shorts-2,Better Basics French Terry Sweatshorts,1,67.16,United Kingdom
1028,watch-3,Pocket Watch Leather Pouch,5,67.6,United Kingdom
1047,sports-6,Air Trekking Shoes - White,4,122.6,United Kingdom
1006,jacket-1,Mens Winter Leathers Jacket,3,34.59,United Kingdom
1006,party-wear-1,Womens Party Wear Shoes,3,86.02,United Kingdom
1019,shampoo,Shampoo Conditioner Packs,3,125.06,United Kingdom
1004,shoe-3,Boot With Suede Detail,2,46.84,United Kingdom
1014,belt,Mens Leather Belt,2,149.61,United Kingdom
1032,clothes-2,Girls Pink Embro Design Top,5,45.83,United Kingdom
1041,sports-5,Air Trekking Shoes - White,1,63.44,United Kingdom
1039,2,Mens Hoodies T-Shirt,3,23.04,United Kingdom
1037,jacket-2,Mens Winter Leathers Jacket,4,21.88,United Kingdom
1012,2,Mens Hoodies T-Shirt,1,23.04,United Kingdom
1030,shoe-3,Boot With Suede Detail,2,46.84,United Kingdom
1026,sports-3,Sports Claw Womens Shoes,2,133.24,United Kingdom
1015,4,Woolen Hat For Men,1,82.44,United Kingdom
1023,party-wear-2,Womens Party Wear Shoes,3,41.74,United Kingdom
1042,shoe-1_1,Mens Leather Formal Wear Shoes,1,124.31,United Kingdom
1032,clothes-4,Pure Garment Dyed Cotton Shirt,3,57.26,United Kingdom
1001,clothes-3,Black Floral Wrap Midi Skirt,1,30.79,United Kingdom
1002,clothes-3,Black Floral Wrap Midi Skirt,2,30.79,United Kingdom
1047,clothes-1,Relaxed Short Sleeve T-Shirt,4,104.2,United Kingdom
1003,jacket-4,Mens Winter Leathers Jacket,1,130.3,United Kingdom
1041,sports-2,Trekking & Running Shoes - Black,5,86.0,United Kingdom
1005,3,Girls T-Shirt,5,46.73,United Kingdom
1023,jacket-6,MEN Yarn Fleece Full-Zip Jacket,4,86.64,United Kingdom
1011,jacket-5,MEN Yarn Fleece Full-Zip Jacket,3,63.72,United Kingdom
1023,shoe-1,Mens Leather Formal Wear Shoes,2,51.06,United Kingdom
1044,shampoo,Shampoo Conditioner Packs,1,125.06,United Kingdom
1044,sports-5,Air Trekking Shoes - White,2,63.44,United Kingdom
1013,jacket-1,Mens Winter Leathers Jacket,1,34.59,United Kingdom
1048,jacket-6,MEN Yarn Fleece Full-Zip Jacket,2,86.64,United Kingdom
1013,watch-1,Smart Watch Vital Plus,2,146.89,United Kingdom
1003,sports-3,Sports Claw Womens Shoes,1,133.24,United Kingdom
1012,jewellery-3,Silver Deer Heart Necklace,1,110.6,United Kingdom
1006,shoe-1_1,Mens Leather Formal Wear Shoes,5,124.31,United Kingdom
1039,party-wear-1,Womens Party Wear Shoes,3,86.02,United Kingdom
1034,jacket-2,Mens Winter Leathers Jacket,2,21.88,United Kingdom
1043,shirt-1,Pure Garment Dyed Cotton Shirt,5,30.01,United Kingdom
1023,shorts-1,Better Basics French Terry Sweatshorts,3,138.98,United Kingdom
1035,2,Mens Hoodies T-Shirt,1,23.04,United Kingdom
1017,sports-1,Trekking & Running Shoes - Black,2,55.9,United Kingdom
1036,jacket-2,Mens Winter Leathers Jacket,5,21.88,United Kingdom
1010,clothes-1,Relaxed Short Sleeve T-Shirt,1,104.2,United Kingdom
1015,perfume,Titan 100 Ml Womens Perfume,2,53.81,United Kingdom
1037,shorts-1,Better Basics French Terry Sweatshorts,3,138.98,United Kingdom
1023,clothes-2,Girls Pink Embro Design Top,3,45.83,United Kingdom
1042,1,Baby Fabric Shoes,4,70.32,United Kingdom
1008,jewellery-1,Rose Gold Peacock Earrings,1,95.67,United Kingdom
1034,shoe-2,Casual Mens Brown Shoes,1,100.46,United Kingdom
1038,jewellery-2,Platinum Zircon Classic Ring,3,132.13,United Kingdom
1041,party-wear-1,Womens Party Wear Shoes,2,86.02,United Kingdom
1030,shoe-2,Casual Mens Brown Shoes,5,100.46,United Kingdom
1012,shirt-1,Pure Garment Dyed Cotton Shirt,5,30.01,United Kingdom
1017,clothes-1,Relaxed Short Sleeve T-Shirt,2,104.2,United Kingdom
1011,clothes-2,Girls Pink Embro Design Top,2,45.83,United Kingdom
1011,jacket-4,Mens Winter Leathers Jacket,3,130.3,United Kingdom
1040,sports-6,Air Trekking Shoes - White,2,122.6,United Kingdom
1006,shoe-2_1,Casual Mens Brown Shoes,5,93.35,United Kingdom
1042,clothes-3,Black Floral Wrap Midi Skirt,1,30.79,United Kingdom
1020,shoe-5,Boot With Suede Detail,3,30.29,United Kingdom
1017,perfume,Titan 100 Ml Womens Perfume,3,53.81,United Kingdom
1021,jewellery-1,Rose Gold Peacock Earrings,2,95.67,United Kingdom
1031,jacket-6,MEN Yarn Fleece Full-Zip Jacket,4,86.64,United Kingdom
1038,belt,Mens Leather Belt,5,149.61,United Kingdom
1039,clothes-3,Black Floral Wrap Midi Skirt,4,30.79,United Kingdom
1000,jacket-4,Mens Winter Leathers Jacket,3,130.3,United Kingdom
1039,clothes-4,Pure Garment Dyed Cotton Shirt,4,57.26,United Kingdom
1024,watch-4,Pocket Watch Leather Pouch,2,91.57,United Kingdom
1033,shoe-5,Boot With Suede Detail,5,30.29,United Kingdom
1043,party-wear-1,Womens Party Wear Shoes,1,86.02,United Kingdom
1036,shoe-3,Boot With Suede Detail,3,46.84,United Kingdom
1030,jacket-3,Mens Winter Leathers Jacket,1,46.26,United Kingdom
1040,shirt-1,Pure Garment Dyed Cotton Shirt,4,30.01,United Kingdom
1044,jacket-3,Mens Winter Leathers Jacket,5,46.26,United Kingdom
1005,watch-4,Pocket Watch Leather Pouch,3,91.57,United Kingdom
1021,jacket-2,Mens Winter Leathers Jacket,1,21.88,United Kingdom
1015,sports-3,Sports Claw Womens Shoes,1,133.24,United Kingdom
1022,sports-2,Trekking & Running Shoes - Black,4,86.0,United Kingdom
1031,watch-4,Pocket Watch Leather Pouch,5,91.57,United Kingdom
1019,shirt-1,Pure Garment Dyed Cotton Shirt,4,30.01,United Kingdom
1038,jewellery-2,Platinum Zircon Classic Ring,4,132.13,United Kingdom
1037,shoe-2_1,Casual Mens Brown Shoes,2,93.35,United Kingdom
1031,shoe-2,Casual Mens Brown Shoes,5,100.46,United Kingdom
1034,sports-3,Sports Claw Womens Shoes,4,133.24,United Kingdom
1034,clothes-2,Girls Pink Embro Design Top,5,45.83,United Kingdom
1048,sports-6,Air Trekking Shoes - White,1,122.6,United Kingdom
1018,shoe-2_1,Casual Mens Brown Shoes,2,93.35,United Kingdom
1034,shoe-2_1,Casual Mens Brown Shoes,4,93.35,United Kingdom
1036,jacket-1,Mens Winter Leathers Jacket,4,34.59,United Kingdom
1004,4,Woolen Hat For Men,4,82.44,United Kingdom
1001,sports-3,Sports Claw Womens Shoes,2,133.24,United Kingdom
1015,watch-2,Smart Watch Vital Plus,2,89.64,United Kingdom
1007,sports-1,Trekking & Running Shoes - Black,3,55.9,United Kingdom
1033,sports-6,Air Trekking Shoes - White,5,122.6,United Kingdom
1000,sports-5,Air Trekking Shoes - White,2,63.44,United Kingdom
1014,shorts-2,Better Basics French Terry Sweatshorts,5,67.16,United Kingdom
1013,4,Woolen Hat For Men,2,82.44,United Kingdom
1024,1,Baby Fabric Shoes,2,70.32,United Kingdom
1000,jewellery-2,Platinum Zircon Classic Ring,4,132.13,United Kingdom
1042,4,Woolen Hat For Men,3,82.44,United Kingdom
1037,sports-6,Air Trekking Shoes - White,2,122.6,United Kingdom
1019,sports-3,Sports Claw Womens Shoes,3,133.24,United Kingdom
1026,shoe-2,Casual Mens Brown Shoes,4,100.46,United Kingdom
1002,clothes-3,Black Floral Wrap Midi Skirt,5,30.79,United Kingdom
1017,sports-6,Air Trekking Shoes - White,2,122.6,United Kingdom
1031,jacket-1,Mens Winter Leathers Jacket,4,34.59,United Kingdom
1012,clothes-1,Relaxed Short Sleeve T-Shirt,1,104.2,United Kingdom
1049,shampoo,Shampoo Conditioner Packs,1,125.06,United Kingdom
1012,sports-3,Sports Claw Womens Shoes,3,133.24,United Kingdom
1015,shoe-4,Boot With Suede Detail,1,62.0,United Kingdom
1016,shoe-2_1,Casual Mens Brown Shoes,4,93.35,United Kingdom
1015,shorts-1,Better Basics French Terry Sweatshorts,1,138.98,United Kingdom
1032,sports-6,Air Trekking Shoes - White,4,122.6,United Kingdom
1036,shorts-2,Better Basics French Terry Sweatshorts,1,67.16,United Kingdom
1009,jewellery-3,Silver Deer Heart Necklace,4,110.6,United Kingdom
1045,shoe-4,Boot With Suede Detail,4,62.0,United Kingdom
1033,1,Baby Fabric Shoes,5,70.32,United Kingdom
1038,clothes-2,Girls Pink Embro Design Top,2,45.83,United Kingdom
1007,watch-1,Smart Watch Vital Plus,1,146.89,United Kingdom
1006,jacket-6,MEN Yarn Fleece Full-Zip Jacket,3,86.64,United Kingdom
1015,shampoo,Shampoo Conditioner Packs,3,125.06,United Kingdom
1012,jewellery-2,Platinum Zircon Classic Ring,2,132.13,United Kingdom
1025,watch-1,Smart Watch Vital Plus,4,146.89,United Kingdom
1043,jacket-2,Mens Winter Leathers Jacket,5,21.88,United Kingdom
1028,shoe-2_1,Casual Mens Brown Shoes,2,93.35,United Kingdom
1017,jacket-6,MEN Yarn Fleece Full-Zip Jacket,1,86.64,United Kingdom
1005,party-wear-1,Womens Party Wear Shoes,2,86.02,United Kingdom
1021,perfume,Titan 100 Ml Womens Perfume,1,53.81,United Kingdom
1047,jacket-6,MEN Yarn Fleece Full-Zip Jacket,2,86.64,United Kingdom
1006,shoe-1_1,Mens Leather Formal Wear Shoes,2,124.31,United Kingdom
1039,2,Mens Hoodies T-Shirt,5,23.04,United Kingdom
1010,shirt-2,Pure Garment Dyed Cotton Shirt,5,55.04,United Kingdom
1017,jacket-1,Mens Winter Leathers Jacket,5,34.59,United Kingdom
1026,clothes-2,Girls Pink Embro Design Top,4,45.83,United Kingdom
1029,sports-5,Air Trekking Shoes - White,5,63.44,United Kingdom
1011,jewellery-1,Rose Gold Peacock Earrings,1,95.67,United Kingdom
1003,clothes-4,Pure Garment Dyed Cotton Shirt,2,57.26,United Kingdom
1009,jacket-6,MEN Yarn Fleece Full-Zip Jacket,1,86.64,United Kingdom
1046,clothes-4,Pure Garment Dyed Cotton Shirt,1,57.26,United Kingdom
1034,watch-4,Pocket Watch Leather Pouch,2,91.57,United Kingdom
1037,shoe-2,Casual Mens Brown Shoes,3,100.46,United Kingdom
1012,clothes-1,Relaxed Short Sleeve T-Shirt,3,104.2,United Kingdom
1006,jewellery-3,Silver Deer Heart Necklace,1,110.6,United Kingdom
1037,jacket-3,Mens Winter Leathers Jacket,4,46.26,United Kingdom
1009,sports-3,Sports Claw Womens Shoes,1,133.24,United Kingdom
1043,clothes-3,Black Floral Wrap Midi Skirt,1,30.79,United Kingdom
1021,shoe-1,Mens Leather Formal Wear Shoes,1,51.06,United Kingdom
1025,2,Mens Hoodies T-Shirt,3,23.04,United Kingdom
1030,party-wear-1,Womens Party Wear Shoes,5,86.02,United Kingdom
1044,shoe-5,Boot With Suede Detail,3,30.29,United Kingdom
1043,2,Mens Hoodies T-Shirt,5,23.04,United Kingdom
1021,sports-1,Trekking & Running Shoes - Black,4,55.9,United Kingdom
1033,party-wear-2,Womens Party Wear Shoes,2,41.74,United Kingdom
1031,shoe-1,Mens Leather Formal Wear Shoes,1,51.06,United Kingdom
1037,perfume,Titan 100 Ml Womens Perfume,2,53.81,United Kingdom
1010,party-wear-1,Womens Party Wear Shoes,5,86.02,United Kingdom
1040,2,Mens Hoodies T-Shirt,3,23.04,United Kingdom
1018,jacket-5,MEN Yarn Fleece Full-Zip Jacket,1,63.72,United Kingdom
1044,watch-1,Smart Watch Vital Plus,5,146.89,United Kingdom
1022,shoe-4,Boot With Suede Detail,5,62.0,United Kingdom
1033,clothes-4,Pure Garment Dyed Cotton Shirt,5,57.26,United Kingdom
1037,sports-3,Sports Claw Womens Shoes,4,133.24,United Kingdom
1034,sports-3,Sports Claw Womens Shoes,2,133.24,United Kingdom
1039,sports-1,Trekking & Running Shoes - Black,1,55.9,United Kingdom
1021,jacket-2,Mens Winter Leathers Jacket,2,21.88,United Kingdom
1010,sports-2,Trekking & Running Shoes - Black,5,86.0,United Kingdom
1008,shirt-2,Pure Garment Dyed Cotton Shirt,5,55.04,United Kingdom
1048,shoe-5,Boot With Suede Detail,1,30.29,United Kingdom
1046,perfume,Titan 100 Ml Womens Perfume,2,53.81,United Kingdom
1027,sports-5,Air Trekking Shoes - White,2,63.44,United Kingdom
1023,shoe-5,Boot With Suede Detail,2,30.29,United Kingdom
1016,shoe-2_1,Casual Mens Brown Shoes,4,93.35,United Kingdom
1042,clothes-3,Black Floral Wrap Midi Skirt,2,30.79,United Kingdom
1035,jacket-6,MEN Yarn Fleece Full-Zip Jacket,2,86.64,United Kingdom
1049,4,Woolen Hat For Men,4,82.44,United Kingdom
1023,jacket-6,MEN Yarn Fleece Full-Zip Jacket,5,86.64,United Kingdom
1005,sports-3,Sports Claw Womens Shoes,5,133.24,United Kingdom
1048,shoe-2,Casual Mens Brown Shoes,5,100.46,United Kingdom
1012,shoe-2,Casual Mens Brown Shoes,2,100.46,United Kingdom
1039,shoe-1,Mens Leather Formal Wear Shoes,4,51.06,United Kingdom
1026,shoe-2_1,Casual Mens Brown Shoes,2,93.35,United Kingdom
1027,jewellery-2,Platinum Zircon Classic Ring,3,132.13,United Kingdom
1048,shampoo,Shampoo Conditioner Packs,3,125.06,United Kingdom
1039,jewellery-1,Rose Gold Peacock Earrings,4,95.67,United Kingdom
1043,jacket-3,Mens Winter Leathers Jacket,2,46.26,United Kingdom
1019,4,Woolen Hat For Men,3,82.44,United Kingdom
1039,shoe-2_1,Casual Mens Brown Shoes,5,93.35,United Kingdom
1002,watch-4,Pocket Watch Leather Pouch,4,91.57,United Kingdom
1019,shorts-2,Better Basics French Terry Sweatshorts,3,67.16,United Kingdom
1001,sports-5,Air Trekking Shoes - White,3,63.44,United Kingdom
1047,shoe-5,Boot With Suede Detail,2,30.29,United Kingdom
1000,sports-5,Air Trekking Shoes - White,3,63.44,United Kingdom
1003,shoe-5,Boot With Suede Detail,1,30.29,United Kingdom
1010,watch-1,Smart Watch Vital Plus,3,146.89,United Kingdom
1025,sports-3,Sports Claw Womens Shoes,1,133.24,United Kingdom
1021,jacket-6,MEN Yarn Fleece Full-Zip Jacket,4,86.64,United Kingdom
1007,jacket-5,MEN Yarn Fleece Full-Zip Jacket,5,63.72,United Kingdom
1036,1,Baby Fabric Shoes,2,70.32,United Kingdom
1015,jacket-4,Mens Winter Leathers Jacket,2,130.3,United Kingdom
1015,party-wear-1,Womens Party Wear Shoes,2,86.02,United Kingdom
1007,3,Girls T-Shirt,3,46.73,United Kingdom
1025,sports-3,Sports Claw Womens Shoes,3,133.24,United Kingdom
1027,2,Mens Hoodies T-Shirt,2,23.04,United Kingdom
1002,jacket-1,Mens Winter Leathers Jacket,4,34.59,United Kingdom
1018,jewellery-1,Rose Gold Peacock Earrings,1,95.67,United Kingdom
1009,clothes-4,Pure Garment Dyed Cotton Shirt,4,57.26,United Kingdom
1014,clothes-2,Girls Pink Embro Design Top,4,45.83,United Kingdom
1005,shoe-5,Boot With Suede Detail,1,30.29,United Kingdom
1010,clothes-4,Pure Garment Dyed Cotton Shirt,5,57.26,United Kingdom
1002,party-wear-1,Womens Party Wear Shoes,1,86.02,United Kingdom
1017,jewellery-1,Rose Gold Peacock Earrings,4,95.67,United Kingdom
1035,2,Mens Hoodies T-Shirt,1,23.04,United Kingdom
1046,shorts-2,Better Basics French Terry Sweatshorts,1,67.16,United Kingdom
1009,shoe-2,Casual Mens Brown Shoes,3,100.46,United Kingdom
1045,perfume,Titan 100 Ml Womens Perfume,1,53.81,United Kingdom
1043,shoe-1_1,Mens Leather Formal Wear Shoes,5,124.31,United Kingdom
1009,sports-1,Trekking & Running Shoes - Black,2,55.9,United Kingdom
1048,sports-2,Trekking & Running Shoes - Black,3,86.0,United Kingdom
1038,jacket-2,Mens Winter Leathers Jacket,3,21.88,United Kingdom
1020,party-wear-2,Womens Party Wear Shoes,2,41.74,United Kingdom
1047,clothes-3,Black Floral Wrap Midi Skirt,1,30.79,United Kingdom
1015,sports-4,Sports Claw Womens Shoes,3,107.21,United Kingdom
1014,sports-2,Trekking & Running Shoes - Black,3,86.0,United Kingdom
1011,sports-3,Sports Claw Womens Shoes,1,133.24,United Kingdom
1012,shoe-2_1,Casual Mens Brown Shoes,5,93.35,United Kingdom
1035,4,Woolen Hat For Men,2,82.44,United Kingdom
1020,4,Woolen Hat For Men,1,82.44,United Kingdom
1025,shoe-2_1,Casual Mens Brown Shoes,5,93.35,United Kingdom
1029,jewellery-2,Platinum Zircon Classic Ring,4,132.13,United Kingdom
1025,shampoo,Shampoo Conditioner Packs,5,125.06,United Kingdom
1037,sports-4,Sports Claw Womens Shoes,5,107.21,United Kingdom
1041,shoe-1,Mens Leather Formal Wear Shoes,3,51.06,United Kingdom
1049,perfume,Titan 100 Ml Womens Perfume,2,53.81,United Kingdom
1002,shoe-3,Boot With Suede Detail,3,46.84,United Kingdom
1039,shoe-5,Boot With Suede Detail,4,30.29,United Kingdom
1030,sports-5,Air Trekking Shoes - White,5,63.44,United Kingdom
1012,watch-3,Pocket Watch Leather Pouch,1,67.6,United Kingdom
1008,clothes-1,Relaxed Short Sleeve T-Shirt,2,104.2,United Kingdom
1015,jacket-5,MEN Yarn Fleece Full-Zip Jacket,5,63.72,United Kingdom
1019,1,Baby Fabric Shoes,1,70.32,United Kingdom
1018,clothes-1,Relaxed Short Sleeve T-Shirt,2,104.2,United Kingdom
1037,sports-4,Sports Claw Womens Shoes,1,107.21,United Kingdom
1048,party-wear-1,Womens Party Wear Shoes,1,86.02,United Kingdom
1020,shoe-3,Boot With Suede Detail,3,46.84,United Kingdom
1024,jacket-3,Mens Winter Leathers Jacket,1,46.26,United Kingdom
1041,perfume,Titan 100 Ml Womens Perfume,3,53.81,United Kingdom
1006,shirt-2,Pure Garment Dyed Cotton Shirt,4,55.04,United Kingdom
1024,jewellery-2,Platinum Zircon Classic Ring,2,132.13,United Kingdom
1007,perfume,Titan 100 Ml Womens Perfume,5,53.81,United Kingdom
1031,sports-6,Air Trekking Shoes - White,3,122.6,United Kingdom
1034,jewellery-2,Platinum Zircon Classic Ring,4,132.13,United Kingdom
1028,4,Woolen Hat For Men,4,82.44,United Kingdom
1048,jacket-4,Mens Winter Leathers Jacket,2,130.3,United Kingdom
1010,jewellery-3,Silver Deer Heart Necklace,4,110.6,United Kingdom
1015,shorts-1,Better Basics French Terry Sweatshorts,4,138.98,United Kingdom
1041,watch-3,Pocket Watch Leather Pouch,4,67.6,United Kingdom
1046,4,Woolen Hat For Men,4,82.44,United Kingdom
1005,shoe-2,Casual Mens Brown Shoes,2,100.46,United Kingdom
1043,1,Baby Fabric Shoes,1,70.32,United Kingdom
1040,sports-6,Air Trekking Shoes - White,1,122.6,United Kingdom
1013,sports-4,Sports Claw Womens Shoes,3,107.21,United Kingdom
1021,watch-4,Pocket Watch Leather Pouch,2,91.57,United Kingdom
1028,shoe-2,Casual Mens Brown Shoes,2,100.46,United Kingdom
1048,jacket-1,Mens Winter Leathers Jacket,2,34.59,United Kingdom
1007,belt,Mens Leather Belt,1,149.61,United Kingdom
1011,jewellery-3,Silver Deer Heart Necklace,4,110.6,United Kingdom
1028,4,Woolen Hat For Men,3,82.44,United Kingdom
1040,2,Mens Hoodies T-Shirt,3,23.04,United Kingdom
1005,shampoo,Shampoo Conditioner Packs,5,125.06,United Kingdom
1008,shirt-1,Pure Garment Dyed Cotton Shirt,4,30.01,United Kingdom
1046,clothes-3,Black Floral Wrap Midi Skirt,5,30.79,United Kingdom
1013,shoe-2_1,Casual Mens Brown Shoes,3,93.35,United Kingdom
1020,jacket-1,Mens Winter Leathers Jacket,2,34.59,United Kingdom
1026,1,Baby Fabric Shoes,3,70.32,United Kingdom
1011,2,Mens Hoodies T-Shirt,4,23.04,United Kingdom
1004,shoe-5,Boot With Suede Detail,5,30.29,United Kingdom
1047,shirt-2,Pure Garment Dyed Cotton Shirt,4,55.04,United Kingdom
1022,sports-5,Air Trekking Shoes - White,4,63.44,United Kingdom
1012,jacket-2,Mens Winter Leathers Jacket,5,21.88,United Kingdom
1049,shoe-3,Boot With Suede Detail,2,46.84,United Kingdom
1029,shoe-5,Boot With Suede Detail,4,30.29,United Kingdom
1006,shoe-1,Mens Leather Formal Wear Shoes,4,51.06,United Kingdom
1028,watch-4,Pocket Watch Leather Pouch,2,91.57,United Kingdom
1046,shirt-2,Pure Garment Dyed Cotton Shirt,1,55.04,United Kingdom
1044,clothes-2,Girls Pink Embro Design Top,3,45.83,United Kingdom
1025,shirt-2,Pure Garment Dyed Cotton Shirt,5,55.04,United Kingdom
1012,shoe-2,Casual Mens Brown Shoes,1,100.46,United Kingdom
1024,clothes-4,Pure Garment Dyed Cotton Shirt,3,57.26,United Kingdom
1008,sports-6,Air Trekking Shoes - White,2,122.6,United Kingdom
1001,perfume,Titan 100 Ml Womens Perfume,3,53.81,United Kingdom
1047,jacket-4,Mens Winter Leathers Jacket,5,130.3,United Kingdom
1027,party-wear-2,Womens Party Wear Shoes,1,41.74,United Kingdom
1002,shoe-1_1,Mens Leather Formal Wear Shoes,2,124.31,United Kingdom
1022,clothes-2,Girls Pink Embro Design Top,3,45.83,United Kingdom
1003,shoe-1,Mens Leather Formal Wear Shoes,3,51.06,United Kingdom
1032,sports-1,Trekking & Running Shoes - Black,4,55.9,United Kingdom
1042,sports-3,Sports Claw Womens Shoes,1,133.24,United Kingdom
1023,sports-3,Sports Claw Womens Shoes,4,133.24,United Kingdom
1010,1,Baby Fabric Shoes,1,70.32,United Kingdom
1027,shorts-2,Better Basics French Terry Sweatshorts,2,67.16,United Kingdom
1042,jewellery-2,Platinum Zircon Classic Ring,5,132.13,United Kingdom
1011,sports-4,Sports Claw Womens Shoes,2,107.21,United Kingdom
1047,party-wear-2,Womens Party Wear Shoes,2,41.74,United Kingdom
1010,jewellery-2,Platinum Zircon Classic Ring,1,132.13,United Kingdom
1024,sports-3,Sports Claw Womens Shoes,2,133.24,United Kingdom
1019,4,Woolen Hat For Men,3,82.44,United Kingdom
1033,shoe-2_1,Casual Mens Brown Shoes,3,93.35,United Kingdom
1014,shorts-1,Better Basics French Terry Sweatshorts,5,138.98,United Kingdom
1030,shoe-1,Mens Leather Formal Wear Shoes,1,51.06,United Kingdom
1033,sports-2,Trekking & Running Shoes - Black,4,86.0,United Kingdom
1023,jacket-5,MEN Yarn Fleece Full-Zip Jacket,3,63.72,United Kingdom
1010,shirt-1,Pure Garment Dyed Cotton Shirt,2,30.01,United Kingdom
1042,sports-6,Air Trekking Shoes - White,5,122.6,United Kingdom
1003,3,Girls T-Shirt,5,46.73,United Kingdom
1037,sports-2,Trekking & Running Shoes - Black,4,86.0,United Kingdom
1003,shoe-5,Boot With Suede Detail,4,30.29,United Kingdom
1042,shoe-1,Mens Leather Formal Wear Shoes,1,51.06,United Kingdom
1019,shoe-5,Boot With Suede Detail,5,30.29,United Kingdom
1038,party-wear-2,Womens Party Wear Shoes,2,41.74,United Kingdom
1016,3,Girls T-Shirt,4,46.73,United Kingdom
1023,shirt-1,Pure Garment Dyed Cotton Shirt,5,30.01,United Kingdom
1010,watch-1,Smart Watch Vital Plus,5,146.89,United Kingdom
1026,shorts-1,Better Basics French Terry Sweatshorts,3,138.98,United Kingdom
1027,party-wear-1,Womens Party Wear Shoes,4,86.02,United Kingdom
1029,1,Baby Fabric Shoes,1,70.32,United Kingdom
1025,shorts-1,Better Basics French Terry Sweatshorts,5,138.98,United Kingdom
1008,party-wear-2,Womens Party Wear Shoes,1,41.74,United Kingdom
1005,clothes-1,Relaxed Short Sleeve T-Shirt,1,104.2,United Kingdom
1038,shoe-1,Mens Leather Formal Wear Shoes,3,51.06,United Kingdom
